Timestamp,User Count,Type,Name,Requests/s,Failures/s,50%,66%,75%,80%,90%,95%,98%,99%,99.9%,99.99%,100%,Total Request Count,Total Failure Count,Total Median Response Time,Total Average Response Time,Total Min Response Time,Total Max Response Time,Total Average Content Size
1757191276,0,,Aggregated,0.000000,0.000000,N/A,N/A,N/A,N/A,N/A,N/A,N/A,N/A,N/A,N/A,N/A,0,0,0,0.0,0,0,0
1757191277,0,,Aggregated,0.000000,0.000000,N/A,N/A,N/A,N/A,N/A,N/A,N/A,N/A,N/A,N/A,N/A,0,0,0,0.0,0,0,0
1757191278,0,,Aggregated,0.000000,0.000000,N/A,N/A,N/A,N/A,N/A,N/A,N/A,N/A,N/A,N/A,N/A,0,0,0,0.0,0,0,0
1757191279,5,,Aggregated,0.000000,0.000000,N/A,N/A,N/A,N/A,N/A,N/A,N/A,N/A,N/A,N/A,N/A,0,0,0,0.0,0,0,0
1757191280,10,,Aggregated,0.000000,0.000000,720,730,750,850,900,900,900,900,900,900,900,9,0,720.0,696.0336219959167,498.93558499752544,896.704660000978,75141.22222222222
1757191281,15,,Aggregated,0.000000,0.000000,730,760,790,850,900,920,920,920,920,920,920,14,0,720.0,710.6555121406147,498.93558499752544,916.6591569955926,61224.92857142857
1757191282,20,,Aggregated,0.000000,0.000000,760,800,850,860,900,920,920,920,920,920,920,18,0,750.0,738.6099405525279,498.93558499752544,916.6591569955926,47676.055555555555
1757191283,20,,Aggregated,3.000000,0.000000,790,850,870,900,1000,4000,4000,4000,4000,4000,4000,20,0,760.0,914.2764017480658,498.93558499752544,3982.8677070036065,42921.2
1757191284,20,,Aggregated,3.000000,0.000000,790,850,870,900,1000,4000,4000,4000,4000,4000,4000,20,0,760.0,914.2764017480658,498.93558499752544,3982.8677070036065,42921.2
1757191287,20,,Aggregated,3.000000,0.000000,790,850,870,900,1000,4000,4000,4000,4000,4000,4000,20,0,760.0,914.2764017480658,498.93558499752544,3982.8677070036065,42921.2
1757191290,20,,Aggregated,2.857143,0.000000,790,850,870,900,1000,2500,4000,4000,4000,4000,4000,21,0,790.0,987.5459999976946,498.93558499752544,3982.8677070036065,45894.71428571428
1757191292,20,,Aggregated,2.857143,0.000000,790,850,870,900,1000,2500,4000,4000,4000,4000,4000,21,0,790.0,987.5459999976946,498.93558499752544,3982.8677070036065,45894.71428571428
1757191293,20,,Aggregated,2.100000,0.000000,800,860,900,920,2500,4000,6600,6600,6600,6600,6600,22,1,790.0,1242.2013747259784,498.93558499752544,6589.964244019939,43808.59090909091
1757191294,20,,Aggregated,2.100000,0.000000,800,860,900,920,2500,4000,6600,6600,6600,6600,6600,22,1,790.0,1242.2013747259784,498.93558499752544,6589.964244019939,43808.59090909091
1757191295,20,,Aggregated,0.300000,0.100000,900,5400,6000,6600,8000,8900,9300,9300,9300,9300,9300,32,1,870.0,3115.849925562543,498.93558499752544,9282.12604302098,39122.4375
1757191296,20,,Aggregated,0.300000,0.100000,920,5700,6600,7900,8800,9300,9700,9700,9700,9700,9700,34,1,900.0,3469.279880559257,498.93558499752544,9672.458704008022,38399.705882352944
1757191298,20,,Aggregated,0.300000,0.100000,920,5700,6600,7900,8800,9300,9700,9700,9700,9700,9700,34,1,900.0,3469.279880559257,498.93558499752544,9672.458704008022,38399.705882352944
1757191299,20,,Aggregated,1.400000,0.100000,900,5700,6600,7900,8800,9300,9700,9700,9700,9700,9700,35,1,900.0,3372.6973644283134,88.89181597623974,9672.458704008022,39781.4
1757191303,20,,Aggregated,1.400000,0.100000,900,5700,6600,7900,8800,9300,9700,9700,9700,9700,9700,35,1,900.0,3372.6973644283134,88.89181597623974,9672.458704008022,39781.4
1757191304,20,,Aggregated,1.400000,0.100000,900,5700,6600,7900,8800,9300,9700,9700,9700,9700,9700,35,1,900.0,3372.6973644283134,88.89181597623974,9672.458704008022,39781.4
1757191305,20,,Aggregated,1.400000,0.100000,1200,2500,5800,6600,8600,8900,9700,9700,9700,9700,9700,43,1,1200.0,3016.5516481163563,62.861348007572815,9672.458704008022,36462.90697674418
1757191306,20,,Aggregated,1.400000,0.100000,1200,2500,5800,6600,8600,8900,9700,9700,9700,9700,9700,43,1,1200.0,3016.5516481163563,62.861348007572815,9672.458704008022,36462.90697674418
1757191307,20,,Aggregated,1.400000,0.100000,1200,2500,5800,6600,8600,8900,9700,9700,9700,9700,9700,43,1,1200.0,3016.5516481163563,62.861348007572815,9672.458704008022,36462.90697674418
1757191308,20,,Aggregated,0.900000,0.000000,1000,2300,5700,6600,8600,8900,9700,9700,9700,9700,9700,45,1,1000.0,2886.159529955411,48.98545498144813,9672.458704008022,38593.51111111111
1757191311,20,,Aggregated,0.900000,0.000000,1000,2300,5700,6600,8600,8900,9700,9700,9700,9700,9700,45,1,1000.0,2886.159529955411,48.98545498144813,9672.458704008022,38593.51111111111
1757191313,20,,Aggregated,0.900000,0.000000,1000,2300,5700,6600,8600,8900,9700,9700,9700,9700,9700,45,1,1000.0,2886.159529955411,48.98545498144813,9672.458704008022,38593.51111111111
1757191314,20,,Aggregated,1.000000,0.000000,1000,2300,5400,6000,8600,8900,9700,9700,9700,9700,9700,49,1,1000.0,2729.62929516299,48.98545498144813,9672.458704008022,35463.836734693876
1757191315,20,,Aggregated,1.000000,0.000000,1000,2300,5400,6000,8600,8900,9700,9700,9700,9700,9700,49,1,1000.0,2729.62929516299,48.98545498144813,9672.458704008022,35463.836734693876
1757191316,20,,Aggregated,1.000000,0.000000,1000,2300,5400,6000,8600,8900,9700,9700,9700,9700,9700,49,1,1000.0,2729.62929516299,48.98545498144813,9672.458704008022,35463.836734693876
1757191318,20,,Aggregated,1.000000,0.000000,1000,2300,5400,6000,8600,8900,9700,9700,9700,9700,9700,49,1,1000.0,2729.62929516299,48.98545498144813,9672.458704008022,35463.836734693876
1757191319,20,,Aggregated,0.600000,0.000000,920,2300,5400,5800,8000,8900,9300,9700,9700,9700,9700,51,1,920.0,2625.7191880785304,48.98545498144813,9672.458704008022,34083.098039215685
1757191320,20,,Aggregated,0.600000,0.000000,920,2300,5400,5800,8000,8900,9300,9700,9700,9700,9700,51,1,920.0,2625.7191880785304,48.98545498144813,9672.458704008022,34083.098039215685
1757191321,20,,Aggregated,0.600000,0.000000,920,2300,5400,5800,8000,8900,9300,9700,9700,9700,9700,51,1,920.0,2625.7191880785304,48.98545498144813,9672.458704008022,34083.098039215685
1757191323,20,,Aggregated,0.600000,0.000000,920,2300,5400,5800,8000,8900,9300,9700,9700,9700,9700,51,1,920.0,2625.7191880785304,48.98545498144813,9672.458704008022,34083.098039215685
1757191324,20,,Aggregated,0.600000,0.000000,920,2300,5400,5800,8000,8900,9300,9700,9700,9700,9700,51,1,920.0,2625.7191880785304,48.98545498144813,9672.458704008022,34083.098039215685
1757191325,20,,Aggregated,0.600000,0.000000,920,2300,5400,5800,8000,8900,9300,9700,9700,9700,9700,51,1,920.0,2625.7191880785304,48.98545498144813,9672.458704008022,34083.098039215685
1757191326,20,,Aggregated,0.600000,0.000000,920,2300,5400,5800,8000,8900,9300,9700,9700,9700,9700,51,1,920.0,2625.7191880785304,48.98545498144813,9672.458704008022,34083.098039215685
1757191327,20,,Aggregated,0.600000,0.000000,920,2300,5400,5800,8000,8900,9300,9700,9700,9700,9700,51,1,920.0,2625.7191880785304,48.98545498144813,9672.458704008022,34083.098039215685
1757191328,20,,Aggregated,0.600000,0.000000,920,2300,5400,5800,8000,8900,9300,9700,9700,9700,9700,51,1,920.0,2625.7191880785304,48.98545498144813,9672.458704008022,34083.098039215685
1757191329,20,,Aggregated,0.600000,0.000000,920,2300,5400,5800,8000,8900,9300,9700,9700,9700,9700,51,1,920.0,2625.7191880785304,48.98545498144813,9672.458704008022,34083.098039215685
1757191330,20,,Aggregated,0.200000,0.000000,1000,2300,5700,6000,8600,9300,9700,46000,46000,46000,46000,52,1,920.0,3458.7291945387665,48.98545498144813,45942.2395240108,33427.653846153844
1757191331,20,,Aggregated,0.000000,0.000000,1000,2300,5700,6600,8800,9700,39000,46000,46000,46000,46000,53,1,1000.0,4125.627584717531,48.98545498144813,45942.2395240108,32796.943396226416
1757191332,20,,Aggregated,0.000000,0.000000,1000,2300,5700,6600,8800,9700,39000,46000,46000,46000,46000,53,1,1000.0,4125.627584717531,48.98545498144813,45942.2395240108,32796.943396226416
1757191333,20,,Aggregated,0.000000,0.000000,1000,2300,5700,6600,8800,9700,39000,46000,46000,46000,46000,53,1,1000.0,4125.627584717531,48.98545498144813,45942.2395240108,32796.943396226416
1757191334,20,,Aggregated,0.000000,0.000000,1000,2300,5700,6600,8800,9700,39000,46000,46000,46000,46000,53,1,1000.0,4125.627584717531,48.98545498144813,45942.2395240108,32796.943396226416
1757191335,20,,Aggregated,0.200000,0.000000,920,2300,5700,6600,8800,9700,39000,46000,46000,46000,46000,55,1,920.0,3978.9467963823963,48.98545498144813,45942.2395240108,31613.6
1757191336,20,,Aggregated,0.200000,0.000000,920,2300,5700,6600,8800,9700,39000,46000,46000,46000,46000,55,1,920.0,3978.9467963823963,48.98545498144813,45942.2395240108,31613.6
1757191337,20,,Aggregated,0.200000,0.000000,1000,2300,5800,6600,8900,39000,46000,47000,47000,47000,47000,56,1,920.0,4756.017964143602,48.98545498144813,47494.932191009866,31049.071428571428
1757191338,20,,Aggregated,0.400000,0.000000,1200,2500,6600,8000,39000,48000,50000,51000,51000,51000,51000,59,1,1200.0,7022.746972966608,48.98545498144813,50824.0176649997,29470.305084745763
1757191339,20,,Aggregated,0.400000,0.000000,1200,4000,6600,8600,46000,48000,50000,51000,51000,51000,51000,60,1,1200.0,7699.808054867026,48.98545498144813,50824.0176649997,28979.133333333335
1757191340,20,,Aggregated,0.500000,0.000000,1200,2500,6600,8000,39000,48000,50000,51000,51000,51000,51000,62,1,1000.0,7453.651313016551,48.98545498144813,50824.0176649997,28052.548387096773
1757191342,20,,Aggregated,0.500000,0.000000,1200,2500,6600,8000,39000,48000,50000,51000,51000,51000,51000,62,1,1000.0,7453.651313016551,48.98545498144813,50824.0176649997,28052.548387096773
1757191343,20,,Aggregated,0.500000,0.000000,1200,2500,6600,8000,39000,48000,50000,51000,51000,51000,51000,62,1,1000.0,7453.651313016551,48.98545498144813,50824.0176649997,28052.548387096773
1757191344,20,,Aggregated,0.900000,0.000000,1200,2500,6600,8000,39000,48000,50000,51000,51000,51000,51000,66,2,1000.0,7424.729442727491,48.98545498144813,50824.0176649997,26363.969696969696
1757191345,20,,Aggregated,0.900000,0.000000,1000,2400,6600,8000,39000,48000,50000,51000,51000,51000,51000,68,2,920.0,7210.708432382329,48.98545498144813,50824.0176649997,27205.75
1757191346,20,,Aggregated,0.900000,0.000000,1000,2400,6600,8000,39000,48000,50000,51000,51000,51000,51000,68,2,920.0,7210.708432382329,48.98545498144813,50824.0176649997,27205.75
1757191347,20,,Aggregated,0.900000,0.000000,1000,2400,6600,8000,39000,48000,50000,51000,51000,51000,51000,68,2,920.0,7210.708432382329,48.98545498144813,50824.0176649997,27205.75
1757191349,20,,Aggregated,1.300000,0.100000,1200,4000,7900,8900,46000,48000,50000,51000,51000,51000,51000,74,2,1000.0,9155.496005554105,45.611828012624756,50824.0176649997,26573.364864864863
1757191351,20,,Aggregated,1.400000,0.100000,1000,4000,7900,8900,47000,48000,50000,51000,51000,51000,51000,77,2,1000.0,9404.881849259444,45.611828012624756,50824.0176649997,25544.66233766234
1757191354,20,,Aggregated,1.500000,0.100000,1000,4000,7900,8900,47000,48000,50000,51000,51000,51000,51000,78,2,920.0,9285.51491057666,45.611828012624756,50824.0176649997,26273.76923076923
1757191357,20,,Aggregated,1.500000,0.100000,1000,4000,7900,8900,47000,48000,50000,51000,51000,51000,51000,78,2,920.0,9285.51491057666,45.611828012624756,50824.0176649997,26273.76923076923
1757191359,20,,Aggregated,1.500000,0.100000,1000,4000,7900,8900,47000,48000,50000,51000,51000,51000,51000,78,2,920.0,9285.51491057666,45.611828012624756,50824.0176649997,26273.76923076923
1757191360,20,,Aggregated,1.000000,0.000000,1200,4600,7900,8900,47000,48000,50000,51000,51000,51000,51000,80,2,1000.0,9167.981007887283,45.611828012624756,50824.0176649997,26683.4
1757191361,20,,Aggregated,1.000000,0.000000,1200,4600,7900,8900,47000,48000,50000,51000,51000,51000,51000,80,2,1000.0,9167.981007887283,45.611828012624756,50824.0176649997,26683.4
1757191362,20,,Aggregated,1.000000,0.000000,1200,4600,7900,8900,47000,48000,50000,51000,51000,51000,51000,80,2,1000.0,9167.981007887283,45.611828012624756,50824.0176649997,26683.4
1757191363,20,,Aggregated,0.300000,0.000000,1200,5400,8000,9300,47000,50000,51000,52000,52000,52000,52000,82,2,1200.0,10187.170239499765,45.611828012624756,52122.906034986954,26032.585365853658
1757191365,20,,Aggregated,0.300000,0.000000,1200,5700,8800,26000,48000,50000,52000,54000,54000,54000,54000,84,2,1200.0,11201.906746285593,45.611828012624756,53898.04945400101,25412.761904761905
1757191366,20,,Aggregated,0.200000,0.000000,1200,5700,8600,26000,48000,50000,52000,54000,54000,54000,54000,85,2,1200.0,11071.596534682014,45.611828012624756,53898.04945400101,25116.788235294116
1757191367,20,,Aggregated,0.200000,0.000000,1200,5700,8600,26000,48000,50000,52000,54000,54000,54000,54000,85,2,1200.0,11071.596534682014,45.611828012624756,53898.04945400101,25116.788235294116
1757191368,20,,Aggregated,0.700000,0.000000,1200,5400,8600,9700,48000,50000,52000,54000,54000,54000,54000,87,2,1200.0,10819.06070073514,45.611828012624756,53898.04945400101,25768.402298850575
1757191370,20,,Aggregated,0.700000,0.000000,1200,5400,8600,26000,48000,50000,52000,54000,54000,54000,54000,89,2,1200.0,11140.98963641504,45.611828012624756,53898.04945400101,27112.280898876405
1757191371,20,,Aggregated,0.700000,0.000000,1200,5400,8600,26000,48000,50000,52000,54000,54000,54000,54000,89,2,1200.0,11140.98963641504,45.611828012624756,53898.04945400101,27112.280898876405
1757191373,20,,Aggregated,1.000000,0.000000,1200,5700,8800,39000,49000,50000,52000,54000,54000,54000,54000,90,2,1200.0,11558.81248699928,45.611828012624756,53898.04945400101,26811.033333333333
1757191374,20,,Aggregated,0.900000,0.000000,1200,5700,8900,39000,49000,50000,52000,54000,54000,54000,54000,92,2,1200.0,11838.478044129695,45.611828012624756,53898.04945400101,26230.956521739132
1757191375,20,,Aggregated,0.900000,0.000000,1200,5700,8900,39000,49000,50000,52000,54000,54000,54000,54000,92,2,1200.0,11838.478044129695,45.611828012624756,53898.04945400101,26230.956521739132
1757191376,20,,Aggregated,0.800000,0.000000,1200,5700,8800,39000,49000,50000,52000,54000,54000,54000,54000,94,2,1000.0,11590.081060871833,45.611828012624756,53898.04945400101,25678.27659574468
1757191377,20,,Aggregated,0.800000,0.000000,1000,5400,8800,39000,49000,50000,52000,54000,54000,54000,54000,95,2,1000.0,11469.798321368196,45.611828012624756,53898.04945400101,25410.663157894738
1757191378,20,,Aggregated,0.700000,0.000000,1000,5400,8800,26000,49000,50000,52000,54000,54000,54000,54000,96,2,920.0,11351.153644551838,45.611828012624756,53898.04945400101,26054.260416666668
1757191379,20,,Aggregated,0.700000,0.000000,1000,5400,8800,26000,49000,50000,52000,54000,54000,54000,54000,96,2,920.0,11351.153644551838,45.611828012624756,53898.04945400101,26054.260416666668
1757191380,20,,Aggregated,1.000000,0.000000,920,5400,8600,26000,49000,50000,52000,54000,54000,54000,54000,97,2,920.0,11235.669651937662,45.611828012624756,53898.04945400101,25788.278350515466
1757191381,20,,Aggregated,0.800000,0.000000,900,4600,8600,26000,49000,50000,52000,54000,54000,54000,54000,100,2,870.0,10900.871750779334,45.611828012624756,53898.04945400101,26709.58
1757191382,20,,Aggregated,0.800000,0.000000,900,4600,8600,26000,49000,50000,52000,54000,54000,54000,54000,100,2,870.0,10900.871750779334,45.611828012624756,53898.04945400101,26709.58
1757191384,20,,Aggregated,0.800000,0.000000,900,4600,8600,26000,49000,50000,52000,54000,54000,54000,54000,100,2,870.0,10900.871750779334,45.611828012624756,53898.04945400101,26709.58
1757191385,20,,Aggregated,0.800000,0.000000,900,4600,8600,26000,49000,50000,52000,54000,54000,54000,54000,100,2,870.0,10900.871750779334,45.611828012624756,53898.04945400101,26709.58
1757191387,20,,Aggregated,0.800000,0.000000,870,4600,8000,9700,48000,50000,52000,52000,54000,54000,54000,102,2,860.0,10688.494004077773,45.611828012624756,53898.04945400101,26190.86274509804
1757191388,20,,Aggregated,0.800000,0.000000,870,4600,8000,9700,48000,50000,52000,52000,54000,54000,54000,102,2,860.0,10688.494004077773,45.611828012624756,53898.04945400101,26190.86274509804
1757191389,20,,Aggregated,0.800000,0.000000,870,4600,8000,9700,48000,50000,52000,52000,54000,54000,54000,102,2,860.0,10688.494004077773,45.611828012624756,53898.04945400101,26190.86274509804
1757191390,20,,Aggregated,0.800000,0.000000,870,4600,8000,9700,48000,50000,52000,52000,54000,54000,54000,102,2,860.0,10688.494004077773,45.611828012624756,53898.04945400101,26190.86274509804
1757191392,20,,Aggregated,0.700000,0.000000,860,4000,8000,9700,48000,50000,52000,52000,54000,54000,54000,103,2,860.0,10585.166540747063,45.611828012624756,53898.04945400101,25939.058252427185
1757191393,20,,Aggregated,0.700000,0.000000,860,4000,8000,9700,48000,50000,52000,52000,54000,54000,54000,103,2,860.0,10585.166540747063,45.611828012624756,53898.04945400101,25939.058252427185
1757191395,20,,Aggregated,0.600000,0.000000,870,4600,8600,26000,49000,50000,52000,52000,54000,54000,54000,104,2,860.0,10968.892885547784,45.611828012624756,53898.04945400101,25689.64423076923
1757191396,20,,Aggregated,0.300000,0.000000,870,4600,8600,39000,49000,50000,52000,52000,54000,54000,54000,105,2,870.0,11352.32468177121,45.611828012624756,53898.04945400101,25444.980952380953
1757191397,20,,Aggregated,0.300000,0.000000,870,4600,8600,39000,49000,50000,52000,52000,54000,54000,54000,105,2,870.0,11352.32468177121,45.611828012624756,53898.04945400101,25444.980952380953
1757191398,20,,Aggregated,0.300000,0.000000,870,4600,8600,39000,49000,50000,52000,52000,54000,54000,54000,105,2,870.0,11352.32468177121,45.611828012624756,53898.04945400101,25444.980952380953
1757191399,20,,Aggregated,0.300000,0.000000,870,4600,8600,39000,49000,50000,52000,52000,54000,54000,54000,105,2,870.0,11352.32468177121,45.611828012624756,53898.04945400101,25444.980952380953
1757191400,20,,Aggregated,0.300000,0.000000,870,4600,8600,39000,49000,50000,52000,52000,54000,54000,54000,105,2,870.0,11352.32468177121,45.611828012624756,53898.04945400101,25444.980952380953
1757191402,20,,Aggregated,0.300000,0.000000,870,4600,8600,39000,49000,50000,52000,52000,54000,54000,54000,105,2,870.0,11352.32468177121,45.611828012624756,53898.04945400101,25444.980952380953
1757191403,20,,Aggregated,0.300000,0.000000,900,4600,8800,39000,50000,51000,52000,53000,54000,54000,54000,106,2,870.0,11741.976345688288,45.611828012624756,53898.04945400101,25204.93396226415
1757191404,20,,Aggregated,0.200000,0.000000,900,5400,8900,44000,50000,51000,52000,53000,54000,54000,54000,107,2,900.0,12118.525480831404,45.611828012624756,53898.04945400101,24969.3738317757
1757191405,20,,Aggregated,0.200000,0.000000,920,5700,9300,46000,50000,51000,52000,53000,54000,54000,54000,109,2,920.0,12763.325711118683,45.611828012624756,53898.04945400101,24511.22018348624
1757191406,20,,Aggregated,0.300000,0.000000,1200,6600,39000,47000,50000,52000,52000,53000,54000,54000,54000,113,2,1200.0,14049.355568892768,45.611828012624756,53898.04945400101,23643.566371681416
1757191407,20,,Aggregated,0.300000,0.000000,1200,6600,44000,47000,50000,52000,53000,53000,54000,54000,54000,114,2,1200.0,14393.363944639548,45.611828012624756,53898.04945400101,23436.166666666668
1757191408,20,,Aggregated,0.300000,0.000000,1200,6600,44000,47000,50000,52000,53000,53000,54000,54000,54000,114,2,1200.0,14393.363944639548,45.611828012624756,53898.04945400101,23436.166666666668
1757191410,20,,Aggregated,0.300000,0.000000,1200,6600,44000,47000,50000,52000,53000,53000,54000,54000,54000,114,2,1200.0,14393.363944639548,45.611828012624756,53898.04945400101,23436.166666666668
1757191411,20,,Aggregated,0.900000,0.000000,1000,6000,39000,47000,50000,52000,53000,53000,54000,54000,54000,121,2,1000.0,13949.001670346743,45.611828012624756,53898.04945400101,22093.0
1757191413,20,,Aggregated,0.900000,0.000000,1000,6000,39000,47000,50000,52000,53000,53000,54000,54000,54000,121,2,1000.0,13949.001670346743,45.611828012624756,53898.04945400101,22093.0
1757191414,20,,Aggregated,1.600000,0.000000,1200,6600,44000,47000,50000,52000,53000,53000,54000,54000,54000,124,2,1000.0,14325.062478483409,45.611828012624756,53898.04945400101,21560.548387096773
1757191415,20,,Aggregated,1.600000,0.000000,1000,6600,43000,47000,50000,52000,53000,53000,54000,54000,54000,125,2,1000.0,14210.918883527629,45.611828012624756,53898.04945400101,21390.104
1757191418,20,,Aggregated,1.600000,0.000000,1000,6600,43000,47000,50000,52000,53000,53000,54000,54000,54000,125,2,1000.0,14210.918883527629,45.611828012624756,53898.04945400101,21390.104
1757191420,20,,Aggregated,1.400000,0.000000,1200,6600,43000,46000,50000,52000,53000,53000,54000,54000,54000,132,2,1200.0,14185.438570779683,45.611828012624756,53898.04945400101,21146.992424242424
1757191421,20,,Aggregated,1.400000,0.000000,1200,6600,43000,46000,50000,52000,53000,53000,54000,54000,54000,132,2,1200.0,14185.438570779683,45.611828012624756,53898.04945400101,21146.992424242424
1757191424,20,,Aggregated,1.400000,0.000000,1200,6600,43000,46000,50000,52000,53000,53000,54000,54000,54000,132,2,1200.0,14185.438570779683,45.611828012624756,53898.04945400101,21146.992424242424
1757191425,20,,Aggregated,1.100000,0.000000,1200,6000,43000,46000,50000,52000,53000,53000,54000,54000,54000,133,2,1200.0,14097.688337834157,45.611828012624756,53898.04945400101,20989.90977443609
1757191426,20,,Aggregated,1.100000,0.000000,1200,5800,43000,45000,50000,52000,53000,53000,54000,54000,54000,136,2,1200.0,13807.059122050894,45.611828012624756,53898.04945400101,22119.75
1757191427,20,,Aggregated,1.100000,0.000000,1200,5800,43000,45000,50000,52000,53000,53000,54000,54000,54000,136,2,1200.0,13807.059122050894,45.611828012624756,53898.04945400101,22119.75
1757191428,20,,Aggregated,1.100000,0.000000,1200,5800,43000,45000,50000,52000,53000,53000,54000,54000,54000,136,2,1200.0,13807.059122050894,45.611828012624756,53898.04945400101,22119.75
1757191429,20,,Aggregated,1.100000,0.000000,1200,5800,39000,45000,50000,52000,53000,53000,54000,54000,54000,137,2,1200.0,13706.780036021471,45.611828012624756,53898.04945400101,21960.153284671534
1757191431,20,,Aggregated,1.100000,0.000000,1200,5800,39000,45000,50000,52000,53000,53000,54000,54000,54000,138,2,1200.0,13607.837997108447,45.611828012624756,53898.04945400101,21802.869565217392
1757191432,20,,Aggregated,0.500000,0.000000,1200,5700,39000,45000,50000,52000,53000,53000,54000,54000,54000,139,2,1200.0,13510.632833863128,45.611828012624756,53898.04945400101,21647.84892086331
1757191433,20,,Aggregated,0.600000,0.000000,1200,5700,39000,45000,50000,52000,53000,53000,54000,54000,54000,140,2,1200.0,13414.516502699864,45.611828012624756,53898.04945400101,21495.042857142857
1757191434,20,,Aggregated,0.600000,0.000000,1200,5800,39000,45000,50000,51000,53000,53000,54000,54000,54000,141,2,1200.0,13657.035647850798,45.611828012624756,53898.04945400101,21342.59574468085
1757191435,20,,Aggregated,0.700000,0.000000,1200,5800,43000,46000,50000,51000,53000,53000,54000,54000,54000,143,2,1200.0,13793.89481580392,45.611828012624756,53898.04945400101,21045.88111888112
1757191436,20,,Aggregated,0.700000,0.000000,1200,5800,43000,46000,50000,51000,53000,53000,54000,54000,54000,143,2,1200.0,13793.89481580392,45.611828012624756,53898.04945400101,21045.88111888112
1757191437,20,,Aggregated,1.000000,0.000000,1200,5800,43000,46000,50000,51000,53000,53000,54000,54000,54000,144,2,1200.0,13698.556782124797,45.611828012624756,53898.04945400101,20901.5
1757191439,20,,Aggregated,1.000000,0.000000,1200,5800,43000,46000,50000,51000,53000,53000,54000,54000,54000,144,2,1200.0,13698.556782124797,45.611828012624756,53898.04945400101,20901.5
1757191440,20,,Aggregated,0.700000,0.000000,1200,5800,43000,46000,50000,51000,53000,53000,54000,54000,54000,147,2,1200.0,13743.025000645861,45.611828012624756,53898.04945400101,20478.408163265307
1757191441,20,,Aggregated,0.700000,0.000000,1200,5800,43000,46000,50000,51000,53000,53000,54000,54000,54000,149,2,1200.0,13869.584596959246,45.206366979982704,53898.04945400101,20205.241610738256
1757191442,20,,Aggregated,0.700000,0.000000,1200,5800,43000,46000,50000,51000,53000,53000,54000,54000,54000,149,2,1200.0,13869.584596959246,45.206366979982704,53898.04945400101,20205.241610738256
1757191443,20,,Aggregated,0.900000,0.000000,1200,5800,43000,46000,50000,51000,53000,53000,54000,54000,54000,150,2,1000.0,13777.493381739478,45.206366979982704,53898.04945400101,20072.24
1757191444,20,,Aggregated,0.900000,0.000000,1200,5800,43000,46000,50000,51000,53000,53000,54000,54000,54000,150,2,1000.0,13777.493381739478,45.206366979982704,53898.04945400101,20072.24
1757191446,20,,Aggregated,1.000000,0.000000,1200,5800,43000,46000,50000,51000,52000,53000,54000,54000,54000,152,2,1000.0,13903.540078091619,45.206366979982704,53898.04945400101,19809.809210526317
1757191447,20,,Aggregated,0.900000,0.000000,1200,5700,43000,46000,50000,51000,52000,53000,54000,54000,54000,154,2,1000.0,13732.240044798356,45.206366979982704,53898.04945400101,19555.85064935065
1757191448,20,,Aggregated,0.900000,0.000000,1000,5700,43000,46000,50000,51000,52000,53000,54000,54000,54000,155,2,1000.0,13644.077363464185,45.206366979982704,53898.04945400101,19431.322580645163
1757191449,20,,Aggregated,0.900000,0.000000,1200,5700,43000,46000,50000,51000,52000,53000,54000,54000,54000,156,2,1000.0,13853.39604869193,45.206366979982704,53898.04945400101,19306.76282051282
1757191450,20,,Aggregated,0.900000,0.000000,1200,5700,43000,46000,50000,51000,52000,53000,54000,54000,54000,156,2,1000.0,13853.39604869193,45.206366979982704,53898.04945400101,19306.76282051282
1757191451,20,,Aggregated,0.900000,0.000000,1200,5700,43000,46000,50000,51000,52000,53000,54000,54000,54000,156,2,1000.0,13853.39604869193,45.206366979982704,53898.04945400101,19306.76282051282
1757191452,20,,Aggregated,1.200000,0.000000,1200,5700,43000,46000,50000,51000,52000,53000,54000,54000,54000,158,2,1000.0,13687.021737227316,45.206366979982704,53898.04945400101,19741.879746835442
1757191454,20,,Aggregated,0.900000,0.000000,1000,5400,43000,46000,50000,51000,52000,53000,54000,54000,54000,159,2,1000.0,13601.356502150478,45.206366979982704,53898.04945400101,19619.32075471698
1757191455,20,,Aggregated,0.900000,0.000000,1200,5700,43000,46000,50000,51000,52000,53000,54000,54000,54000,160,3,1000.0,13715.894805980857,45.206366979982704,53898.04945400101,19496.7
1757191457,20,,Aggregated,0.900000,0.000000,1200,5700,43000,46000,50000,51000,52000,53000,54000,54000,54000,160,3,1000.0,13715.894805980857,45.206366979982704,53898.04945400101,19496.7
1757191458,20,,Aggregated,0.900000,0.100000,1000,5400,39000,46000,49000,51000,52000,53000,54000,54000,54000,162,3,920.0,13547.304926197045,45.206366979982704,53898.04945400101,19259.14814814815
1757191459,20,,Aggregated,0.600000,0.100000,920,5400,39000,46000,49000,51000,52000,53000,54000,54000,54000,163,3,920.0,13464.63400571131,45.206366979982704,53898.04945400101,19142.55828220859
1757191460,20,,Aggregated,0.600000,0.100000,1000,5700,43000,46000,49000,51000,52000,53000,54000,54000,54000,164,3,920.0,13683.55261115215,45.206366979982704,53898.04945400101,19025.835365853658
1757191461,20,,Aggregated,0.600000,0.100000,1000,5700,43000,46000,49000,51000,52000,53000,54000,54000,54000,164,3,920.0,13683.55261115215,45.206366979982704,53898.04945400101,19025.835365853658
1757191462,20,,Aggregated,0.600000,0.100000,1000,5700,43000,46000,49000,51000,52000,53000,54000,54000,54000,164,3,920.0,13683.55261115215,45.206366979982704,53898.04945400101,19025.835365853658
1757191464,20,,Aggregated,0.600000,0.100000,1000,5700,43000,46000,49000,51000,52000,53000,54000,54000,54000,164,3,920.0,13683.55261115215,45.206366979982704,53898.04945400101,19025.835365853658
1757191466,20,,Aggregated,0.600000,0.100000,1200,5800,43000,46000,50000,51000,52000,53000,54000,54000,54000,167,3,1200.0,14048.917810855752,45.206366979982704,53898.04945400101,18685.580838323353
1757191467,20,,Aggregated,0.600000,0.100000,1200,5800,43000,46000,50000,51000,52000,53000,54000,54000,54000,167,3,1200.0,14048.917810855752,45.206366979982704,53898.04945400101,18685.580838323353
1757191468,20,,Aggregated,0.700000,0.000000,1200,5800,44000,46000,50000,51000,52000,53000,54000,54000,54000,168,3,1200.0,14259.532221410196,45.206366979982704,53898.04945400101,18574.35714285714
1757191469,20,,Aggregated,0.700000,0.000000,1200,6000,44000,47000,50000,52000,53000,53000,54000,54000,54000,170,3,1200.0,14402.00165569943,45.206366979982704,53898.04945400101,18357.335294117645
1757191471,20,,Aggregated,0.700000,0.000000,1200,6000,45000,47000,50000,52000,53000,53000,54000,54000,54000,171,3,1200.0,14601.202698981855,45.206366979982704,53898.04945400101,18249.98245614035
1757191472,20,,Aggregated,0.800000,0.000000,1200,6600,45000,47000,50000,52000,53000,53000,54000,54000,54000,173,3,1200.0,15004.743489490806,45.206366979982704,53898.04945400101,18039.0
1757191473,20,,Aggregated,0.700000,0.000000,1200,6600,45000,47000,50000,52000,53000,53000,54000,54000,54000,176,3,1200.0,15020.975432096086,45.206366979982704,53898.04945400101,17734.414772727272
1757191476,20,,Aggregated,0.700000,0.000000,1200,6600,45000,47000,50000,52000,53000,53000,54000,54000,54000,176,3,1200.0,15020.975432096086,45.206366979982704,53898.04945400101,17734.414772727272
1757191477,20,,Aggregated,1.200000,0.000000,1200,6600,45000,47000,50000,52000,53000,53000,54000,54000,54000,177,3,1200.0,14936.850180637977,45.206366979982704,53898.04945400101,17635.661016949154
1757191478,20,,Aggregated,1.200000,0.000000,1200,6600,45000,47000,50000,52000,53000,53000,54000,54000,54000,177,3,1200.0,14936.850180637977,45.206366979982704,53898.04945400101,17635.661016949154
1757191479,20,,Aggregated,0.900000,0.000000,1200,6000,45000,47000,50000,52000,53000,53000,54000,54000,54000,180,3,1000.0,14691.04917523849,45.206366979982704,53898.04945400101,17345.983333333334
1757191480,20,,Aggregated,1.000000,0.000000,1200,6600,45000,47000,50000,51000,53000,53000,54000,54000,54000,181,3,1200.0,14879.225307844808,45.206366979982704,53898.04945400101,17250.149171270717
1757191481,20,,Aggregated,1.000000,0.000000,1200,6600,45000,47000,50000,51000,53000,53000,54000,54000,54000,182,3,1000.0,14797.84629308743,45.206366979982704,53898.04945400101,17156.76923076923
1757191483,20,,Aggregated,1.000000,0.000000,1200,6600,45000,47000,50000,51000,53000,53000,54000,54000,54000,182,3,1000.0,14797.84629308743,45.206366979982704,53898.04945400101,17156.76923076923
1757191484,20,,Aggregated,1.000000,0.000000,1200,6600,45000,47000,50000,51000,53000,53000,54000,54000,54000,184,3,1000.0,14895.536103309263,45.206366979982704,53898.04945400101,16971.668478260868
1757191486,20,,Aggregated,1.000000,0.000000,1200,6600,45000,47000,50000,51000,53000,53000,54000,54000,54000,184,3,1000.0,14895.536103309263,45.206366979982704,53898.04945400101,16971.668478260868
1757191487,20,,Aggregated,1.000000,0.000000,1200,6600,45000,47000,50000,51000,53000,53000,54000,54000,54000,184,3,1000.0,14895.536103309263,45.206366979982704,53898.04945400101,16971.668478260868
1757191489,20,,Aggregated,0.800000,0.000000,1200,6600,45000,47000,50000,51000,53000,53000,54000,54000,54000,185,3,1200.0,15077.822574583277,45.206366979982704,53898.04945400101,16879.92972972973
1757191490,20,,Aggregated,0.800000,0.000000,1200,6600,45000,47000,50000,51000,53000,53000,54000,54000,54000,185,3,1200.0,15077.822574583277,45.206366979982704,53898.04945400101,16879.92972972973
1757191491,20,,Aggregated,0.700000,0.000000,1200,6600,45000,47000,50000,51000,53000,53000,54000,54000,54000,186,4,1200.0,15028.96696291345,45.206366979982704,53898.04945400101,16789.177419354837
1757191492,20,,Aggregated,0.700000,0.000000,1200,6600,45000,47000,50000,51000,53000,53000,54000,54000,54000,186,4,1200.0,15028.96696291345,45.206366979982704,53898.04945400101,16789.177419354837
1757191493,20,,Aggregated,0.500000,0.100000,1200,6600,45000,47000,50000,51000,53000,53000,54000,54000,54000,187,4,1200.0,14949.170655480815,45.206366979982704,53898.04945400101,16700.75935828877
1757191494,20,,Aggregated,0.500000,0.100000,1200,6600,45000,47000,50000,51000,53000,53000,54000,54000,54000,187,4,1200.0,14949.170655480815,45.206366979982704,53898.04945400101,16700.75935828877
1757191495,20,,Aggregated,0.400000,0.100000,1200,6600,45000,47000,50000,51000,53000,53000,54000,54000,54000,188,4,1000.0,14870.616655345353,45.206366979982704,53898.04945400101,16613.281914893618
1757191496,20,,Aggregated,0.300000,0.100000,1200,6600,45000,47000,50000,51000,53000,53000,54000,54000,54000,190,4,1000.0,14975.067665278579,45.206366979982704,53898.04945400101,16439.747368421053
1757191497,20,,Aggregated,0.300000,0.100000,1200,6600,45000,47000,50000,51000,53000,53000,54000,54000,54000,190,4,1000.0,14975.067665278579,45.206366979982704,53898.04945400101,16439.747368421053
1757191498,20,,Aggregated,0.500000,0.100000,1200,6600,45000,47000,50000,52000,53000,54000,54000,54000,54000,191,4,1200.0,15177.462610439432,45.206366979982704,53898.04945400101,16353.675392670157
1757191499,20,,Aggregated,0.500000,0.100000,1200,6600,45000,47000,50000,52000,53000,54000,54000,54000,54000,192,4,1000.0,15099.140274629768,45.206366979982704,53898.04945400101,16269.828125
1757191500,20,,Aggregated,0.600000,0.100000,1000,6600,45000,47000,50000,52000,53000,54000,54000,54000,54000,193,4,1000.0,15021.199665776663,45.206366979982704,53898.04945400101,16186.849740932643
1757191501,20,,Aggregated,0.600000,0.100000,1000,6600,45000,47000,50000,52000,53000,54000,54000,54000,54000,194,4,920.0,14944.624043184998,45.206366979982704,53898.04945400101,17005.90206185567
1757191503,20,,Aggregated,0.600000,0.100000,1000,6600,45000,47000,50000,52000,53000,54000,54000,54000,54000,194,4,920.0,14944.624043184998,45.206366979982704,53898.04945400101,17005.90206185567
1757191504,20,,Aggregated,0.800000,0.000000,1000,6600,45000,47000,50000,52000,53000,54000,54000,54000,54000,196,4,920.0,15057.948190800262,45.206366979982704,53898.04945400101,16833.673469387755
1757191505,20,,Aggregated,0.800000,0.000000,1000,6600,45000,47000,50000,52000,53000,54000,54000,54000,54000,196,4,920.0,15057.948190800262,45.206366979982704,53898.04945400101,16833.673469387755
1757191506,20,,Aggregated,0.800000,0.000000,1000,6600,46000,47000,50000,52000,53000,54000,54000,54000,54000,199,4,1000.0,15330.88853461235,45.206366979982704,53898.04945400101,16581.180904522615
1757191507,20,,Aggregated,0.800000,0.000000,1000,6600,46000,47000,50000,52000,53000,54000,54000,54000,54000,199,4,1000.0,15330.88853461235,45.206366979982704,53898.04945400101,16581.180904522615
1757191508,20,,Aggregated,0.800000,0.000000,1000,6600,46000,47000,50000,52000,53000,54000,54000,54000,54000,199,4,1000.0,15330.88853461235,45.206366979982704,53898.04945400101,16581.180904522615
1757191509,20,,Aggregated,0.800000,0.000000,1000,6600,46000,47000,50000,52000,53000,54000,54000,54000,54000,199,4,1000.0,15330.88853461235,45.206366979982704,53898.04945400101,16581.180904522615
1757191510,20,,Aggregated,0.900000,0.000000,920,6600,45000,47000,50000,52000,53000,53000,54000,54000,54000,202,4,900.0,15105.788737098343,45.206366979982704,53898.04945400101,16338.712871287129
1757191511,20,,Aggregated,0.900000,0.000000,920,6600,45000,47000,50000,52000,53000,53000,54000,54000,54000,202,4,900.0,15105.788737098343,45.206366979982704,53898.04945400101,16338.712871287129
1757191512,20,,Aggregated,0.900000,0.000000,920,6600,45000,47000,50000,52000,53000,53000,54000,54000,54000,202,4,900.0,15105.788737098343,45.206366979982704,53898.04945400101,16338.712871287129
1757191514,20,,Aggregated,0.900000,0.000000,920,6600,45000,47000,50000,52000,53000,53000,54000,54000,54000,202,4,900.0,15105.788737098343,45.206366979982704,53898.04945400101,16338.712871287129
1757191515,20,,Aggregated,0.900000,0.000000,920,6600,45000,47000,50000,52000,53000,53000,54000,54000,54000,202,4,900.0,15105.788737098343,45.206366979982704,53898.04945400101,16338.712871287129
1757191516,20,,Aggregated,0.900000,0.000000,920,6600,45000,47000,50000,52000,53000,53000,54000,54000,54000,202,4,900.0,15105.788737098343,45.206366979982704,53898.04945400101,16338.712871287129
1757191517,20,,Aggregated,0.600000,0.000000,1000,6600,46000,48000,50000,52000,53000,53000,54000,54000,54000,204,4,920.0,15478.227125538693,45.206366979982704,53898.04945400101,16178.529411764706
1757191518,20,,Aggregated,0.400000,0.000000,1000,7900,46000,48000,50000,52000,53000,53000,54000,54000,54000,205,4,1000.0,15657.7156888923,45.206366979982704,53898.04945400101,16099.609756097561
1757191519,20,,Aggregated,0.400000,0.000000,1000,7900,46000,48000,50000,52000,53000,53000,54000,54000,54000,205,4,1000.0,15657.7156888923,45.206366979982704,53898.04945400101,16099.609756097561
1757191520,20,,Aggregated,0.400000,0.000000,1000,7900,46000,48000,50000,52000,53000,53000,54000,54000,54000,205,4,1000.0,15657.7156888923,45.206366979982704,53898.04945400101,16099.609756097561
1757191521,20,,Aggregated,0.600000,0.000000,1000,7900,46000,48000,50000,52000,53000,53000,54000,54000,54000,207,4,1000.0,15747.540559864306,45.206366979982704,53898.04945400101,15945.289855072464
1757191522,20,,Aggregated,0.600000,0.000000,1200,8000,46000,48000,50000,52000,53000,53000,54000,54000,54000,208,4,1000.0,15923.198880836095,45.206366979982704,53898.04945400101,15868.629807692309
1757191523,20,,Aggregated,0.300000,0.000000,1000,7900,46000,48000,50000,52000,53000,53000,54000,54000,54000,210,4,920.0,15772.507296404467,45.206366979982704,53898.04945400101,15719.92857142857
1757191524,20,,Aggregated,0.500000,0.000000,1000,7900,46000,48000,50000,52000,53000,53000,54000,54000,54000,212,4,920.0,15857.444671358122,45.206366979982704,53898.04945400101,16280.990566037735
1757191525,20,,Aggregated,0.600000,0.000000,1000,8000,46000,48000,50000,52000,53000,53000,54000,54000,54000,213,4,1000.0,16015.20842369446,45.206366979982704,53898.04945400101,16204.55399061033
1757191526,20,,Aggregated,0.800000,0.000000,1000,8000,47000,48000,50000,52000,53000,53000,54000,54000,54000,216,4,920.0,16016.536787434834,45.206366979982704,53898.04945400101,15981.851851851852
1757191527,20,,Aggregated,1.000000,0.000000,920,8000,46000,48000,50000,52000,53000,53000,54000,54000,54000,217,4,920.0,15943.274243193198,45.206366979982704,53898.04945400101,16417.824884792626
1757191530,20,,Aggregated,1.000000,0.000000,920,8000,46000,48000,50000,52000,53000,53000,54000,54000,54000,217,4,920.0,15943.274243193198,45.206366979982704,53898.04945400101,16417.824884792626
1757191533,20,,Aggregated,1.300000,0.000000,920,8000,46000,48000,50000,52000,53000,53000,54000,54000,54000,221,6,920.0,15826.080032379747,45.206366979982704,53898.04945400101,16122.977375565612
1757191534,20,,Aggregated,1.400000,0.200000,920,8600,46000,48000,50000,52000,53000,53000,54000,54000,54000,225,6,920.0,15984.27007086199,45.206366979982704,53898.04945400101,15838.613333333333
1757191535,20,,Aggregated,1.300000,0.200000,1000,8800,47000,48000,50000,52000,53000,53000,54000,54000,54000,228,6,920.0,16186.765734052424,45.206366979982704,53898.04945400101,15631.328947368422
1757191536,20,,Aggregated,1.300000,0.200000,920,8600,46000,48000,50000,52000,53000,53000,54000,54000,54000,230,6,900.0,16046.723654625914,45.206366979982704,53898.04945400101,16005.45652173913
1757191537,20,,Aggregated,1.300000,0.200000,920,8800,47000,48000,50000,52000,53000,53000,54000,54000,54000,231,6,920.0,16182.524980237857,45.206366979982704,53898.04945400101,15936.16883116883
1757191539,20,,Aggregated,1.300000,0.200000,920,8800,47000,48000,50000,52000,53000,53000,54000,54000,54000,231,6,920.0,16182.524980237857,45.206366979982704,53898.04945400101,15936.16883116883
1757191542,20,,Aggregated,1.400000,0.200000,1000,8800,47000,48000,50000,52000,53000,53000,54000,54000,54000,232,6,920.0,16128.33876059034,45.206366979982704,53898.04945400101,15868.577586206897
1757191543,20,,Aggregated,1.400000,0.200000,1000,8000,46000,48000,50000,52000,53000,53000,54000,54000,54000,238,6,920.0,15753.266319382083,45.206366979982704,53898.04945400101,17038.394957983193
1757191544,20,,Aggregated,1.400000,0.200000,1000,8000,46000,48000,50000,52000,53000,53000,54000,54000,54000,238,6,920.0,15753.266319382083,45.206366979982704,53898.04945400101,17038.394957983193
1757191545,20,,Aggregated,1.400000,0.200000,1000,8000,46000,48000,50000,52000,53000,53000,54000,54000,54000,238,6,920.0,15753.266319382083,45.206366979982704,53898.04945400101,17038.394957983193
1757191546,20,,Aggregated,1.700000,0.000000,920,7900,46000,48000,50000,52000,53000,53000,54000,54000,54000,239,6,920.0,15687.723004275844,45.206366979982704,53898.04945400101,17328.50209205021
1757191548,20,,Aggregated,1.700000,0.000000,920,7900,46000,48000,50000,52000,53000,53000,54000,54000,54000,239,6,920.0,15687.723004275844,45.206366979982704,53898.04945400101,17328.50209205021
1757191552,20,,Aggregated,1.700000,0.000000,920,7900,46000,48000,50000,52000,53000,53000,54000,54000,54000,239,6,920.0,15687.723004275844,45.206366979982704,53898.04945400101,17328.50209205021
1757191553,20,,Aggregated,1.700000,0.000000,920,7900,46000,48000,50000,52000,53000,53000,54000,54000,54000,239,6,920.0,15687.723004275844,45.206366979982704,53898.04945400101,17328.50209205021
1757191554,20,,Aggregated,0.800000,0.000000,1000,8000,46000,48000,50000,52000,53000,53000,54000,54000,54000,241,6,1000.0,15791.382943746417,45.206366979982704,53898.04945400101,17185.75518672199
1757191555,20,,Aggregated,0.800000,0.000000,1000,8000,46000,48000,50000,52000,53000,53000,54000,54000,54000,241,6,1000.0,15791.382943746417,45.206366979982704,53898.04945400101,17185.75518672199
1757191556,20,,Aggregated,0.200000,0.000000,1200,8000,46000,48000,50000,52000,53000,53000,54000,54000,54000,242,6,1000.0,15936.76574864005,45.206366979982704,53898.04945400101,17114.739669421488
1757191557,20,,Aggregated,0.200000,0.000000,1200,8000,46000,48000,50000,52000,53000,53000,54000,54000,54000,242,6,1000.0,15936.76574864005,45.206366979982704,53898.04945400101,17114.739669421488
1757191558,20,,Aggregated,0.300000,0.000000,1200,8600,47000,48000,50000,52000,53000,53000,54000,54000,54000,243,6,1200.0,16068.436501485165,45.206366979982704,53898.04945400101,17044.30864197531
1757191559,20,,Aggregated,0.300000,0.000000,1200,8600,47000,48000,50000,52000,53000,53000,54000,54000,54000,244,6,1000.0,16003.39807672499,45.206366979982704,53898.04945400101,17386.983606557376
1757191560,20,,Aggregated,0.400000,0.000000,1000,8000,46000,48000,50000,52000,53000,53000,54000,54000,54000,246,6,920.0,15874.15026911338,45.206366979982704,53898.04945400101,17247.69918699187
1757191561,20,,Aggregated,0.400000,0.000000,1000,8000,46000,48000,50000,52000,53000,53000,54000,54000,54000,246,6,920.0,15874.15026911338,45.206366979982704,53898.04945400101,17247.69918699187
1757191562,20,,Aggregated,0.600000,0.000000,1000,8600,47000,48000,50000,52000,53000,53000,54000,54000,54000,247,6,1000.0,15999.552321724319,45.206366979982704,53898.04945400101,17177.870445344128
1757191565,20,,Aggregated,0.700000,0.000000,1000,8600,46000,48000,50000,52000,53000,53000,54000,54000,54000,249,6,1000.0,16057.315459312913,45.206366979982704,53898.04945400101,17444.140562248995
1757191567,20,,Aggregated,0.900000,0.000000,1000,8600,46000,48000,50000,52000,53000,53000,54000,54000,54000,250,6,920.0,15993.512180891692,45.206366979982704,53898.04945400101,17375.384
1757191568,20,,Aggregated,0.900000,0.000000,1000,8600,46000,48000,50000,52000,53000,53000,54000,54000,54000,250,6,920.0,15993.512180891692,45.206366979982704,53898.04945400101,17375.384
1757191569,20,,Aggregated,0.900000,0.000000,920,8000,46000,48000,50000,52000,53000,53000,54000,54000,54000,251,6,920.0,15930.465819844358,45.206366979982704,53898.04945400101,17307.17529880478
1757191570,20,,Aggregated,0.900000,0.000000,920,8000,46000,48000,50000,52000,53000,53000,54000,54000,54000,251,6,920.0,15930.465819844358,45.206366979982704,53898.04945400101,17307.17529880478
1757191572,20,,Aggregated,0.900000,0.000000,920,8000,46000,48000,50000,52000,53000,53000,54000,54000,54000,251,6,920.0,15930.465819844358,45.206366979982704,53898.04945400101,17307.17529880478
1757191573,20,,Aggregated,0.900000,0.000000,920,8000,46000,48000,50000,52000,53000,53000,54000,54000,54000,251,6,920.0,15930.465819844358,45.206366979982704,53898.04945400101,17307.17529880478
1757191575,20,,Aggregated,0.900000,0.000000,920,8000,46000,48000,50000,52000,53000,53000,54000,54000,54000,251,6,920.0,15930.465819844358,45.206366979982704,53898.04945400101,17307.17529880478
1757191576,20,,Aggregated,0.900000,0.000000,920,8000,46000,48000,50000,52000,53000,53000,54000,54000,54000,251,6,920.0,15930.465819844358,45.206366979982704,53898.04945400101,17307.17529880478
1757191577,20,,Aggregated,0.900000,0.000000,920,8000,46000,48000,50000,52000,53000,53000,54000,54000,54000,251,6,920.0,15930.465819844358,45.206366979982704,53898.04945400101,17307.17529880478
1757191578,20,,Aggregated,0.900000,0.000000,920,8000,46000,48000,50000,52000,53000,53000,54000,54000,54000,251,6,920.0,15930.465819844358,45.206366979982704,53898.04945400101,17307.17529880478
1757191579,0,,Aggregated,0.900000,0.000000,920,8000,46000,48000,50000,52000,53000,53000,54000,54000,54000,251,6,920.0,15930.465819844358,45.206366979982704,53898.04945400101,17307.17529880478
1757191580,0,,Aggregated,0.900000,0.000000,920,8000,46000,48000,50000,52000,53000,53000,54000,54000,54000,251,6,920.0,15930.465819844358,45.206366979982704,53898.04945400101,17307.17529880478
1757191581,0,,Aggregated,0.900000,0.000000,920,8000,46000,48000,50000,52000,53000,53000,54000,54000,54000,251,6,920.0,15930.465819844358,45.206366979982704,53898.04945400101,17307.17529880478
1757191582,0,,Aggregated,0.900000,0.000000,920,8000,46000,48000,50000,52000,53000,53000,54000,54000,54000,251,6,920.0,15930.465819844358,45.206366979982704,53898.04945400101,17307.17529880478
1757191583,0,,Aggregated,0.900000,0.000000,920,8000,46000,48000,50000,52000,53000,53000,54000,54000,54000,251,6,920.0,15930.465819844358,45.206366979982704,53898.04945400101,17307.17529880478
1757191584,0,,Aggregated,0.900000,0.000000,920,8000,46000,48000,50000,52000,53000,53000,54000,54000,54000,251,6,920.0,15930.465819844358,45.206366979982704,53898.04945400101,17307.17529880478
1757191585,0,,Aggregated,0.900000,0.000000,920,8000,46000,48000,50000,52000,53000,53000,54000,54000,54000,251,6,920.0,15930.465819844358,45.206366979982704,53898.04945400101,17307.17529880478
1757191586,0,,Aggregated,0.900000,0.000000,920,8000,46000,48000,50000,52000,53000,53000,54000,54000,54000,251,6,920.0,15930.465819844358,45.206366979982704,53898.04945400101,17307.17529880478
1757191587,0,,Aggregated,0.900000,0.000000,920,8000,46000,48000,50000,52000,53000,53000,54000,54000,54000,251,6,920.0,15930.465819844358,45.206366979982704,53898.04945400101,17307.17529880478
1757191588,0,,Aggregated,0.900000,0.000000,920,8000,46000,48000,50000,52000,53000,53000,54000,54000,54000,251,6,920.0,15930.465819844358,45.206366979982704,53898.04945400101,17307.17529880478
1757191589,0,,Aggregated,0.900000,0.000000,920,8000,46000,48000,50000,52000,53000,53000,54000,54000,54000,251,6,920.0,15930.465819844358,45.206366979982704,53898.04945400101,17307.17529880478
1757191590,0,,Aggregated,0.900000,0.000000,920,8000,46000,48000,50000,52000,53000,53000,54000,54000,54000,251,6,920.0,15930.465819844358,45.206366979982704,53898.04945400101,17307.17529880478
1757191591,0,,Aggregated,0.900000,0.000000,920,8000,46000,48000,50000,52000,53000,53000,54000,54000,54000,251,6,920.0,15930.465819844358,45.206366979982704,53898.04945400101,17307.17529880478
1757191592,0,,Aggregated,0.900000,0.000000,920,8000,46000,48000,50000,52000,53000,53000,54000,54000,54000,251,6,920.0,15930.465819844358,45.206366979982704,53898.04945400101,17307.17529880478
1757191593,0,,Aggregated,0.900000,0.000000,920,8000,46000,48000,50000,52000,53000,53000,54000,54000,54000,251,6,920.0,15930.465819844358,45.206366979982704,53898.04945400101,17307.17529880478
1757191594,0,,Aggregated,0.900000,0.000000,920,8000,46000,48000,50000,52000,53000,53000,54000,54000,54000,251,6,920.0,15930.465819844358,45.206366979982704,53898.04945400101,17307.17529880478
1757191595,0,,Aggregated,0.900000,0.000000,920,8000,46000,48000,50000,52000,53000,53000,54000,54000,54000,251,6,920.0,15930.465819844358,45.206366979982704,53898.04945400101,17307.17529880478
1757191596,0,,Aggregated,0.900000,0.000000,920,8000,46000,48000,50000,52000,53000,53000,54000,54000,54000,251,6,920.0,15930.465819844358,45.206366979982704,53898.04945400101,17307.17529880478
1757191597,0,,Aggregated,0.900000,0.000000,920,8000,46000,48000,50000,52000,53000,53000,54000,54000,54000,251,6,920.0,15930.465819844358,45.206366979982704,53898.04945400101,17307.17529880478
1757191598,0,,Aggregated,0.900000,0.000000,920,8000,46000,48000,50000,52000,53000,53000,54000,54000,54000,251,6,920.0,15930.465819844358,45.206366979982704,53898.04945400101,17307.17529880478
1757191599,0,,Aggregated,0.900000,0.000000,920,8000,46000,48000,50000,52000,53000,53000,54000,54000,54000,251,6,920.0,15930.465819844358,45.206366979982704,53898.04945400101,17307.17529880478
1757191600,0,,Aggregated,0.900000,0.000000,920,8000,46000,48000,50000,52000,53000,53000,54000,54000,54000,251,6,920.0,15930.465819844358,45.206366979982704,53898.04945400101,17307.17529880478
1757191601,0,,Aggregated,0.900000,0.000000,920,8000,46000,48000,50000,52000,53000,53000,54000,54000,54000,251,6,920.0,15930.465819844358,45.206366979982704,53898.04945400101,17307.17529880478
1757191602,0,,Aggregated,0.900000,0.000000,920,8000,46000,48000,50000,52000,53000,53000,54000,54000,54000,251,6,920.0,15930.465819844358,45.206366979982704,53898.04945400101,17307.17529880478
1757191603,0,,Aggregated,0.900000,0.000000,920,8000,46000,48000,50000,52000,53000,53000,54000,54000,54000,251,6,920.0,15930.465819844358,45.206366979982704,53898.04945400101,17307.17529880478
1757191604,0,,Aggregated,0.900000,0.000000,920,8000,46000,48000,50000,52000,53000,53000,54000,54000,54000,251,6,920.0,15930.465819844358,45.206366979982704,53898.04945400101,17307.17529880478
1757191605,0,,Aggregated,0.900000,0.000000,920,8000,46000,48000,50000,52000,53000,53000,54000,54000,54000,251,6,920.0,15930.465819844358,45.206366979982704,53898.04945400101,17307.17529880478
1757191606,0,,Aggregated,0.900000,0.000000,920,8000,46000,48000,50000,52000,53000,53000,54000,54000,54000,251,6,920.0,15930.465819844358,45.206366979982704,53898.04945400101,17307.17529880478
1757191607,0,,Aggregated,0.900000,0.000000,920,8000,46000,48000,50000,52000,53000,53000,54000,54000,54000,251,6,920.0,15930.465819844358,45.206366979982704,53898.04945400101,17307.17529880478
1757191608,0,,Aggregated,0.900000,0.000000,920,8000,46000,48000,50000,52000,53000,53000,54000,54000,54000,251,6,920.0,15930.465819844358,45.206366979982704,53898.04945400101,17307.17529880478
1757191609,0,,Aggregated,0.900000,0.000000,920,8000,46000,48000,50000,52000,53000,53000,54000,54000,54000,251,6,920.0,15930.465819844358,45.206366979982704,53898.04945400101,17307.17529880478
1757191610,0,,Aggregated,0.900000,0.000000,920,8000,46000,48000,50000,52000,53000,53000,54000,54000,54000,251,6,920.0,15930.465819844358,45.206366979982704,53898.04945400101,17307.17529880478
1757191611,0,,Aggregated,0.900000,0.000000,920,8000,46000,48000,50000,52000,53000,53000,54000,54000,54000,251,6,920.0,15930.465819844358,45.206366979982704,53898.04945400101,17307.17529880478
1757191612,0,,Aggregated,0.900000,0.000000,920,8000,46000,48000,50000,52000,53000,53000,54000,54000,54000,251,6,920.0,15930.465819844358,45.206366979982704,53898.04945400101,17307.17529880478
1757191613,0,,Aggregated,0.900000,0.000000,920,8000,46000,48000,50000,52000,53000,53000,54000,54000,54000,251,6,920.0,15930.465819844358,45.206366979982704,53898.04945400101,17307.17529880478
1757191614,0,,Aggregated,0.900000,0.000000,920,8000,46000,48000,50000,52000,53000,53000,54000,54000,54000,251,6,920.0,15930.465819844358,45.206366979982704,53898.04945400101,17307.17529880478
1757191615,0,,Aggregated,0.900000,0.000000,920,8000,46000,48000,50000,52000,53000,53000,54000,54000,54000,251,6,920.0,15930.465819844358,45.206366979982704,53898.04945400101,17307.17529880478
1757191616,0,,Aggregated,0.900000,0.000000,920,8000,46000,48000,50000,52000,53000,53000,54000,54000,54000,251,6,920.0,15930.465819844358,45.206366979982704,53898.04945400101,17307.17529880478
1757191617,0,,Aggregated,0.900000,0.000000,920,8000,46000,48000,50000,52000,53000,53000,54000,54000,54000,251,6,920.0,15930.465819844358,45.206366979982704,53898.04945400101,17307.17529880478
1757191618,0,,Aggregated,0.900000,0.000000,920,8000,46000,48000,50000,52000,53000,53000,54000,54000,54000,251,6,920.0,15930.465819844358,45.206366979982704,53898.04945400101,17307.17529880478
1757191619,0,,Aggregated,0.900000,0.000000,920,8000,46000,48000,50000,52000,53000,53000,54000,54000,54000,251,6,920.0,15930.465819844358,45.206366979982704,53898.04945400101,17307.17529880478
1757191620,0,,Aggregated,0.900000,0.000000,920,8000,46000,48000,50000,52000,53000,53000,54000,54000,54000,251,6,920.0,15930.465819844358,45.206366979982704,53898.04945400101,17307.17529880478
1757191621,0,,Aggregated,0.900000,0.000000,920,8000,46000,48000,50000,52000,53000,53000,54000,54000,54000,251,6,920.0,15930.465819844358,45.206366979982704,53898.04945400101,17307.17529880478
1757191622,0,,Aggregated,0.900000,0.000000,920,8000,46000,48000,50000,52000,53000,53000,54000,54000,54000,251,6,920.0,15930.465819844358,45.206366979982704,53898.04945400101,17307.17529880478
1757191623,0,,Aggregated,0.900000,0.000000,920,8000,46000,48000,50000,52000,53000,53000,54000,54000,54000,251,6,920.0,15930.465819844358,45.206366979982704,53898.04945400101,17307.17529880478
1757191624,0,,Aggregated,0.900000,0.000000,920,8000,46000,48000,50000,52000,53000,53000,54000,54000,54000,251,6,920.0,15930.465819844358,45.206366979982704,53898.04945400101,17307.17529880478
1757191625,0,,Aggregated,0.900000,0.000000,920,8000,46000,48000,50000,52000,53000,53000,54000,54000,54000,251,6,920.0,15930.465819844358,45.206366979982704,53898.04945400101,17307.17529880478
1757191626,0,,Aggregated,0.900000,0.000000,920,8000,46000,48000,50000,52000,53000,53000,54000,54000,54000,251,6,920.0,15930.465819844358,45.206366979982704,53898.04945400101,17307.17529880478
1757191627,0,,Aggregated,0.900000,0.000000,920,8000,46000,48000,50000,52000,53000,53000,54000,54000,54000,251,6,920.0,15930.465819844358,45.206366979982704,53898.04945400101,17307.17529880478
1757191628,0,,Aggregated,0.900000,0.000000,920,8000,46000,48000,50000,52000,53000,53000,54000,54000,54000,251,6,920.0,15930.465819844358,45.206366979982704,53898.04945400101,17307.17529880478
1757191629,0,,Aggregated,0.900000,0.000000,920,8000,46000,48000,50000,52000,53000,53000,54000,54000,54000,251,6,920.0,15930.465819844358,45.206366979982704,53898.04945400101,17307.17529880478
1757191630,0,,Aggregated,0.900000,0.000000,920,8000,46000,48000,50000,52000,53000,53000,54000,54000,54000,251,6,920.0,15930.465819844358,45.206366979982704,53898.04945400101,17307.17529880478
1757191631,0,,Aggregated,0.900000,0.000000,920,8000,46000,48000,50000,52000,53000,53000,54000,54000,54000,251,6,920.0,15930.465819844358,45.206366979982704,53898.04945400101,17307.17529880478
1757191632,0,,Aggregated,0.900000,0.000000,920,8000,46000,48000,50000,52000,53000,53000,54000,54000,54000,251,6,920.0,15930.465819844358,45.206366979982704,53898.04945400101,17307.17529880478
1757191633,0,,Aggregated,0.900000,0.000000,920,8000,46000,48000,50000,52000,53000,53000,54000,54000,54000,251,6,920.0,15930.465819844358,45.206366979982704,53898.04945400101,17307.17529880478
1757191634,0,,Aggregated,0.900000,0.000000,920,8000,46000,48000,50000,52000,53000,53000,54000,54000,54000,251,6,920.0,15930.465819844358,45.206366979982704,53898.04945400101,17307.17529880478
1757191635,0,,Aggregated,0.900000,0.000000,920,8000,46000,48000,50000,52000,53000,53000,54000,54000,54000,251,6,920.0,15930.465819844358,45.206366979982704,53898.04945400101,17307.17529880478
1757191636,0,,Aggregated,0.900000,0.000000,920,8000,46000,48000,50000,52000,53000,53000,54000,54000,54000,251,6,920.0,15930.465819844358,45.206366979982704,53898.04945400101,17307.17529880478
1757191637,0,,Aggregated,0.900000,0.000000,920,8000,46000,48000,50000,52000,53000,53000,54000,54000,54000,251,6,920.0,15930.465819844358,45.206366979982704,53898.04945400101,17307.17529880478
1757191638,0,,Aggregated,0.900000,0.000000,920,8000,46000,48000,50000,52000,53000,53000,54000,54000,54000,251,6,920.0,15930.465819844358,45.206366979982704,53898.04945400101,17307.17529880478
1757191639,0,,Aggregated,0.900000,0.000000,920,8000,46000,48000,50000,52000,53000,53000,54000,54000,54000,251,6,920.0,15930.465819844358,45.206366979982704,53898.04945400101,17307.17529880478
1757191640,0,,Aggregated,0.900000,0.000000,920,8000,46000,48000,50000,52000,53000,53000,54000,54000,54000,251,6,920.0,15930.465819844358,45.206366979982704,53898.04945400101,17307.17529880478
1757191641,0,,Aggregated,0.900000,0.000000,920,8000,46000,48000,50000,52000,53000,53000,54000,54000,54000,251,6,920.0,15930.465819844358,45.206366979982704,53898.04945400101,17307.17529880478
1757191642,0,,Aggregated,0.900000,0.000000,920,8000,46000,48000,50000,52000,53000,53000,54000,54000,54000,251,6,920.0,15930.465819844358,45.206366979982704,53898.04945400101,17307.17529880478
1757191643,0,,Aggregated,0.900000,0.000000,920,8000,46000,48000,50000,52000,53000,53000,54000,54000,54000,251,6,920.0,15930.465819844358,45.206366979982704,53898.04945400101,17307.17529880478
1757191644,0,,Aggregated,0.900000,0.000000,920,8000,46000,48000,50000,52000,53000,53000,54000,54000,54000,251,6,920.0,15930.465819844358,45.206366979982704,53898.04945400101,17307.17529880478
1757191645,0,,Aggregated,0.900000,0.000000,920,8000,46000,48000,50000,52000,53000,53000,54000,54000,54000,251,6,920.0,15930.465819844358,45.206366979982704,53898.04945400101,17307.17529880478
1757191646,0,,Aggregated,0.900000,0.000000,920,8000,46000,48000,50000,52000,53000,53000,54000,54000,54000,251,6,920.0,15930.465819844358,45.206366979982704,53898.04945400101,17307.17529880478
1757191647,0,,Aggregated,0.900000,0.000000,920,8000,46000,48000,50000,52000,53000,53000,54000,54000,54000,251,6,920.0,15930.465819844358,45.206366979982704,53898.04945400101,17307.17529880478
1757191648,0,,Aggregated,0.900000,0.000000,920,8000,46000,48000,50000,52000,53000,53000,54000,54000,54000,251,6,920.0,15930.465819844358,45.206366979982704,53898.04945400101,17307.17529880478
1757191649,0,,Aggregated,0.900000,0.000000,920,8000,46000,48000,50000,52000,53000,53000,54000,54000,54000,251,6,920.0,15930.465819844358,45.206366979982704,53898.04945400101,17307.17529880478
1757191650,0,,Aggregated,0.900000,0.000000,920,8000,46000,48000,50000,52000,53000,53000,54000,54000,54000,251,6,920.0,15930.465819844358,45.206366979982704,53898.04945400101,17307.17529880478
1757191651,0,,Aggregated,0.900000,0.000000,920,8000,46000,48000,50000,52000,53000,53000,54000,54000,54000,251,6,920.0,15930.465819844358,45.206366979982704,53898.04945400101,17307.17529880478
1757191652,0,,Aggregated,0.900000,0.000000,920,8000,46000,48000,50000,52000,53000,53000,54000,54000,54000,251,6,920.0,15930.465819844358,45.206366979982704,53898.04945400101,17307.17529880478
1757191653,0,,Aggregated,0.900000,0.000000,920,8000,46000,48000,50000,52000,53000,53000,54000,54000,54000,251,6,920.0,15930.465819844358,45.206366979982704,53898.04945400101,17307.17529880478
1757191654,0,,Aggregated,0.900000,0.000000,920,8000,46000,48000,50000,52000,53000,53000,54000,54000,54000,251,6,920.0,15930.465819844358,45.206366979982704,53898.04945400101,17307.17529880478
1757191655,0,,Aggregated,0.900000,0.000000,920,8000,46000,48000,50000,52000,53000,53000,54000,54000,54000,251,6,920.0,15930.465819844358,45.206366979982704,53898.04945400101,17307.17529880478
1757191656,0,,Aggregated,0.900000,0.000000,920,8000,46000,48000,50000,52000,53000,53000,54000,54000,54000,251,6,920.0,15930.465819844358,45.206366979982704,53898.04945400101,17307.17529880478
1757191657,0,,Aggregated,0.900000,0.000000,920,8000,46000,48000,50000,52000,53000,53000,54000,54000,54000,251,6,920.0,15930.465819844358,45.206366979982704,53898.04945400101,17307.17529880478
1757191658,0,,Aggregated,0.900000,0.000000,920,8000,46000,48000,50000,52000,53000,53000,54000,54000,54000,251,6,920.0,15930.465819844358,45.206366979982704,53898.04945400101,17307.17529880478
1757191659,0,,Aggregated,0.900000,0.000000,920,8000,46000,48000,50000,52000,53000,53000,54000,54000,54000,251,6,920.0,15930.465819844358,45.206366979982704,53898.04945400101,17307.17529880478
1757191660,0,,Aggregated,0.900000,0.000000,920,8000,46000,48000,50000,52000,53000,53000,54000,54000,54000,251,6,920.0,15930.465819844358,45.206366979982704,53898.04945400101,17307.17529880478
1757191661,0,,Aggregated,0.900000,0.000000,920,8000,46000,48000,50000,52000,53000,53000,54000,54000,54000,251,6,920.0,15930.465819844358,45.206366979982704,53898.04945400101,17307.17529880478
1757191662,0,,Aggregated,0.900000,0.000000,920,8000,46000,48000,50000,52000,53000,53000,54000,54000,54000,251,6,920.0,15930.465819844358,45.206366979982704,53898.04945400101,17307.17529880478
1757191663,0,,Aggregated,0.900000,0.000000,920,8000,46000,48000,50000,52000,53000,53000,54000,54000,54000,251,6,920.0,15930.465819844358,45.206366979982704,53898.04945400101,17307.17529880478
1757191664,0,,Aggregated,0.900000,0.000000,920,8000,46000,48000,50000,52000,53000,53000,54000,54000,54000,251,6,920.0,15930.465819844358,45.206366979982704,53898.04945400101,17307.17529880478
